<data>
<annotations>
	<entity>
		<id>3entity</id>
		<span>31,33</span>
		<type>Day-Of-Month</type>
		<parentsType>Repeating-Interval</parentsType>
		<properties>
			<Value>21</Value>
			<Sub-Interval></Sub-Interval>
			<Number></Number>
			<Modifier></Modifier>
		</properties>
	</entity>
	<entity>
		<id>2entity</id>
		<span>28,30</span>
		<type>Month-Of-Year</type>
		<parentsType>Repeating-Interval</parentsType>
		<properties>
			<Type>March</Type>
			<Sub-Interval>3entity</Sub-Interval>
			<Number></Number>
			<Modifier></Modifier>
		</properties>
	</entity>
	<entity>
		<id>1entity</id>
		<span>23,27</span>
		<type>Year</type>
		<parentsType>Interval</parentsType>
		<properties>
			<Value>2013</Value>
			<Sub-Interval>2entity</Sub-Interval>
			<Modifier></Modifier>
		</properties>
	</entity>
	<entity>
		<id>4entity</id>
		<span>31,33</span>
		<type>Two-Digit-Year</type>
		<parentsType>Operator</parentsType>
		<properties>
			<Interval-Type>DocTime</Interval-Type>
			<Interval></Interval>
			<Value>21</Value>
			<Sub-Interval>2entity</Sub-Interval>
		</properties>
	</entity>
	<entity>
		<id>6entity</id>
		<span>998,1002</span>
		<type>Last</type>
		<parentsType>Operator</parentsType>
		<properties>
			<Semantics>Interval-Not-Included</Semantics>
			<Interval-Type>DocTime</Interval-Type>
			<Interval></Interval>
			<Period></Period>
			<Repeating-Interval>5entity</Repeating-Interval>
		</properties>
	</entity>
	<entity>
		<id>5entity</id>
		<span>1003,1007</span>
		<type>Calendar-Interval</type>
		<parentsType>Repeating-Interval</parentsType>
		<properties>
			<Type>Year</Type>
			<Number></Number>
			<Modifier></Modifier>
		</properties>
	</entity>
	<entity>
		<id>7entity</id>
		<span>1424,1428</span>
		<type>Year</type>
		<parentsType>Interval</parentsType>
		<properties>
			<Value>2010</Value>
			<Sub-Interval></Sub-Interval>
			<Modifier></Modifier>
		</properties>
	</entity>
	<entity>
		<id>8entity</id>
		<span>2104,2108</span>
		<type>Year</type>
		<parentsType>Interval</parentsType>
		<properties>
			<Value>2008</Value>
			<Sub-Interval></Sub-Interval>
			<Modifier></Modifier>
		</properties>
	</entity>
	<entity>
		<id>9entity</id>
		<span>3050,3057</span>
		<type>This</type>
		<parentsType>Operator</parentsType>
		<properties>
			<Interval-Type>DocTime</Interval-Type>
			<Interval></Interval>
			<Period></Period>
			<Repeating-Interval></Repeating-Interval>
		</properties>
	</entity>
	<entity>
		<id>10entity</id>
		<span>3142,3147</span>
		<type>After</type>
		<parentsType>Operator</parentsType>
		<properties>
			<Interval-Type>Link</Interval-Type>
			<Interval></Interval>
			<Period></Period>
			<Repeating-Interval></Repeating-Interval>
			<Semantics>Interval-Not-Included</Semantics>
		</properties>
	</entity>
	<entity>
		<id>12entity</id>
		<span>3312,3316</span>
		<type>This</type>
		<parentsType>Operator</parentsType>
		<properties>
			<Interval-Type>DocTime</Interval-Type>
			<Interval></Interval>
			<Period></Period>
			<Repeating-Interval>11entity</Repeating-Interval>
		</properties>
	</entity>
	<entity>
		<id>11entity</id>
		<span>3317,3321</span>
		<type>Calendar-Interval</type>
		<parentsType>Repeating-Interval</parentsType>
		<properties>
			<Type>Week</Type>
			<Number></Number>
			<Modifier></Modifier>
		</properties>
	</entity>
	<entity>
		<id>13entity</id>
		<span>3563,3568</span>
		<type>NthFromStart</type>
		<parentsType>Operator</parentsType>
		<properties>
			<Interval-Type>DocTime</Interval-Type>
			<Interval></Interval>
			<Value>1</Value>
			<Period></Period>
			<Repeating-Interval></Repeating-Interval>
		</properties>
	</entity>
	<entity>
		<id>14entity</id>
		<span>3876,3882</span>
		<type>Before</type>
		<parentsType>Operator</parentsType>
		<properties>
			<Interval-Type>Link</Interval-Type>
			<Interval></Interval>
			<Period></Period>
			<Repeating-Interval></Repeating-Interval>
			<Semantics>Interval-Not-Included</Semantics>
		</properties>
	</entity>
	<entity>
		<id>15entity</id>
		<span>3904,3908</span>
		<type>Year</type>
		<parentsType>Interval</parentsType>
		<properties>
			<Value>2007</Value>
			<Sub-Interval></Sub-Interval>
			<Modifier></Modifier>
		</properties>
	</entity>

</annotations>
</data>