<data>
<annotations>
	<entity>
		<id>1entity</id>
		<span>32,34</span>
		<type>Minute-Of-Hour</type>
		<parentsType>Repeating-Interval</parentsType>
		<properties>
			<Value>13</Value>
			<Sub-Interval></Sub-Interval>
			<Number></Number>
			<Modifier></Modifier>
		</properties>
	</entity>
	<entity>
		<id>2entity</id>
		<span>30,32</span>
		<type>Hour-Of-Day</type>
		<parentsType>Repeating-Interval</parentsType>
		<properties>
			<Value>20</Value>
			<AMPM-Of-Day></AMPM-Of-Day>
			<Time-Zone></Time-Zone>
			<Sub-Interval>1entity</Sub-Interval>
			<Number></Number>
			<Modifier></Modifier>
		</properties>
	</entity>
	<entity>
		<id>4entity</id>
		<span>26,28</span>
		<type>Day-Of-Month</type>
		<parentsType>Repeating-Interval</parentsType>
		<properties>
			<Value>22</Value>
			<Sub-Interval>2entity</Sub-Interval>
			<Number></Number>
			<Modifier></Modifier>
		</properties>
	</entity>
	<entity>
		<id>5entity</id>
		<span>30,34</span>
		<type>Year</type>
		<parentsType>Interval</parentsType>
		<properties>
			<Value>2013</Value>
			<Sub-Interval>3entity</Sub-Interval>
			<Modifier></Modifier>
		</properties>
	</entity>
	<entity>
		<id>3entity</id>
		<span>20,25</span>
		<type>Month-Of-Year</type>
		<parentsType>Repeating-Interval</parentsType>
		<properties>
			<Type>March</Type>
			<Sub-Interval>4entity</Sub-Interval>
			<Number></Number>
			<Modifier></Modifier>
		</properties>
	</entity>
	<entity>
		<id>6entity</id>
		<span>63,69</span>
		<type>Before</type>
		<parentsType>Operator</parentsType>
		<properties>
			<Interval-Type>Link</Interval-Type>
			<Interval></Interval>
			<Period></Period>
			<Repeating-Interval></Repeating-Interval>
			<Semantics>Interval-Not-Included</Semantics>
		</properties>
	</entity>
	<entity>
		<id>7entity</id>
		<span>169,175</span>
		<type>Day-Of-Week</type>
		<parentsType>Repeating-Interval</parentsType>
		<properties>
			<Type>Friday</Type>
			<Sub-Interval></Sub-Interval>
			<Number></Number>
			<Modifier></Modifier>
		</properties>
	</entity>
	<entity>
		<id>8entity</id>
		<span>176,181</span>
		<type>After</type>
		<parentsType>Operator</parentsType>
		<properties>
			<Interval-Type>Link</Interval-Type>
			<Interval></Interval>
			<Period></Period>
			<Repeating-Interval></Repeating-Interval>
			<Semantics>Interval-Not-Included</Semantics>
		</properties>
	</entity>
	<entity>
		<id>9entity</id>
		<span>169,175</span>
		<type>Last</type>
		<parentsType>Operator</parentsType>
		<properties>
			<Semantics>Interval-Not-Included</Semantics>
			<Interval-Type>DocTime</Interval-Type>
			<Interval></Interval>
			<Period></Period>
			<Repeating-Interval>7entity</Repeating-Interval>
		</properties>
	</entity>
	<entity>
		<id>10entity</id>
		<span>213,219</span>
		<type>Before</type>
		<parentsType>Operator</parentsType>
		<properties>
			<Interval-Type>Link</Interval-Type>
			<Interval></Interval>
			<Period></Period>
			<Repeating-Interval></Repeating-Interval>
			<Semantics>Interval-Not-Included</Semantics>
		</properties>
	</entity>
	<entity>
		<id>11entity</id>
		<span>303,305</span>
		<type>Minute-Of-Hour</type>
		<parentsType>Repeating-Interval</parentsType>
		<properties>
			<Value>10</Value>
			<Sub-Interval></Sub-Interval>
			<Number></Number>
			<Modifier></Modifier>
		</properties>
	</entity>
	<entity>
		<id>12entity</id>
		<span>301,303</span>
		<type>Hour-Of-Day</type>
		<parentsType>Repeating-Interval</parentsType>
		<properties>
			<Value>20</Value>
			<AMPM-Of-Day></AMPM-Of-Day>
			<Time-Zone></Time-Zone>
			<Sub-Interval>11entity</Sub-Interval>
			<Number></Number>
			<Modifier></Modifier>
		</properties>
	</entity>
	<entity>
		<id>13entity</id>
		<span>301,305</span>
		<type>Year</type>
		<parentsType>Interval</parentsType>
		<properties>
			<Value>2010</Value>
			<Sub-Interval></Sub-Interval>
			<Modifier></Modifier>
		</properties>
	</entity>
	<entity>
		<id>14entity</id>
		<span>692,699</span>
		<type>Calendar-Interval</type>
		<parentsType>Repeating-Interval</parentsType>
		<properties>
			<Type>Minute</Type>
			<Number></Number>
			<Modifier></Modifier>
		</properties>
	</entity>
	<entity>
		<id>15entity</id>
		<span>700,706</span>
		<type>Before</type>
		<parentsType>Operator</parentsType>
		<properties>
			<Interval-Type>Link</Interval-Type>
			<Interval></Interval>
			<Period></Period>
			<Repeating-Interval></Repeating-Interval>
			<Semantics>Interval-Not-Included</Semantics>
		</properties>
	</entity>
	<entity>
		<id>16entity</id>
		<span>824,830</span>
		<type>Period</type>
		<parentsType>Duration</parentsType>
		<properties>
			<Type>Seconds</Type>
			<Number></Number>
			<Modifier></Modifier>
		</properties>
	</entity>
	<entity>
		<id>17entity</id>
		<span>955,960</span>
		<type>After</type>
		<parentsType>Operator</parentsType>
		<properties>
			<Interval-Type>Link</Interval-Type>
			<Interval></Interval>
			<Period></Period>
			<Repeating-Interval></Repeating-Interval>
			<Semantics>Interval-Not-Included</Semantics>
		</properties>
	</entity>
	<entity>
		<id>18entity</id>
		<span>1231,1236</span>
		<type>After</type>
		<parentsType>Operator</parentsType>
		<properties>
			<Interval-Type>Link</Interval-Type>
			<Interval></Interval>
			<Period></Period>
			<Repeating-Interval></Repeating-Interval>
			<Semantics>Interval-Not-Included</Semantics>
		</properties>
	</entity>
	<entity>
		<id>19entity</id>
		<span>1423,1428</span>
		<type>After</type>
		<parentsType>Operator</parentsType>
		<properties>
			<Interval-Type>Link</Interval-Type>
			<Interval></Interval>
			<Period></Period>
			<Repeating-Interval></Repeating-Interval>
			<Semantics>Interval-Not-Included</Semantics>
		</properties>
	</entity>

</annotations>
</data>