<data>
<annotations>
	<entity>
		<id>3entity</id>
		<span>41,43</span>
		<type>Day-Of-Month</type>
		<parentsType>Repeating-Interval</parentsType>
		<properties>
			<Value>22</Value>
			<Sub-Interval></Sub-Interval>
			<Number></Number>
			<Modifier></Modifier>
		</properties>
	</entity>
	<entity>
		<id>2entity</id>
		<span>38,40</span>
		<type>Month-Of-Year</type>
		<parentsType>Repeating-Interval</parentsType>
		<properties>
			<Type>March</Type>
			<Sub-Interval>3entity</Sub-Interval>
			<Number></Number>
			<Modifier></Modifier>
		</properties>
	</entity>
	<entity>
		<id>1entity</id>
		<span>33,37</span>
		<type>Year</type>
		<parentsType>Interval</parentsType>
		<properties>
			<Value>2013</Value>
			<Sub-Interval>2entity</Sub-Interval>
			<Modifier></Modifier>
		</properties>
	</entity>
	<entity>
		<id>4entity</id>
		<span>41,43</span>
		<type>Two-Digit-Year</type>
		<parentsType>Operator</parentsType>
		<properties>
			<Interval-Type>DocTime</Interval-Type>
			<Interval></Interval>
			<Value>22</Value>
			<Sub-Interval>2entity</Sub-Interval>
		</properties>
	</entity>
	<entity>
		<id>5entity</id>
		<span>821,824</span>
		<type>This</type>
		<parentsType>Operator</parentsType>
		<properties>
			<Interval-Type>DocTime</Interval-Type>
			<Interval></Interval>
			<Period></Period>
			<Repeating-Interval></Repeating-Interval>
		</properties>
	</entity>
	<entity>
		<id>6entity</id>
		<span>859,864</span>
		<type>Modifier</type>
		<parentsType>Other</parentsType>
		<properties>
			<Type>Start</Type>
		</properties>
	</entity>
	<entity>
		<id>8entity</id>
		<span>933,936</span>
		<type>Number</type>
		<parentsType>Other</parentsType>
		<properties>
			<Value>2</Value>
		</properties>
	</entity>
	<entity>
		<id>7entity</id>
		<span>937,942</span>
		<type>Calendar-Interval</type>
		<parentsType>Repeating-Interval</parentsType>
		<properties>
			<Type>Year</Type>
			<Number>8entity</Number>
			<Modifier></Modifier>
		</properties>
	</entity>
	<entity>
		<id>9entity</id>
		<span>943,946</span>
		<type>Before</type>
		<parentsType>Operator</parentsType>
		<properties>
			<Interval-Type>Link</Interval-Type>
			<Interval></Interval>
			<Period></Period>
			<Repeating-Interval></Repeating-Interval>
			<Semantics>Interval-Not-Included</Semantics>
		</properties>
	</entity>
	<entity>
		<id>10entity</id>
		<span>1445,1450</span>
		<type>This</type>
		<parentsType>Operator</parentsType>
		<properties>
			<Interval-Type>DocTime</Interval-Type>
			<Interval></Interval>
			<Period></Period>
			<Repeating-Interval>11entity</Repeating-Interval>
		</properties>
	</entity>
	<entity>
		<id>11entity</id>
		<span>1445,1450</span>
		<type>Calendar-Interval</type>
		<parentsType>Repeating-Interval</parentsType>
		<properties>
			<Type>Day</Type>
			<Number></Number>
			<Modifier></Modifier>
		</properties>
	</entity>
	<entity>
		<id>12entity</id>
		<span>1819,1822</span>
		<type>This</type>
		<parentsType>Operator</parentsType>
		<properties>
			<Interval-Type>DocTime</Interval-Type>
			<Interval></Interval>
			<Period></Period>
			<Repeating-Interval></Repeating-Interval>
		</properties>
	</entity>
	<entity>
		<id>13entity</id>
		<span>1828,1833</span>
		<type>Calendar-Interval</type>
		<parentsType>Repeating-Interval</parentsType>
		<properties>
			<Type>Week</Type>
			<Number></Number>
			<Modifier></Modifier>
		</properties>
	</entity>

</annotations>
</data>