<data>
<annotations>
	<entity>
		<id>3entity</id>
		<span>28,30</span>
		<type>Day-Of-Month</type>
		<parentsType>Repeating-Interval</parentsType>
		<properties>
			<Value>22</Value>
			<Sub-Interval></Sub-Interval>
			<Number></Number>
			<Modifier></Modifier>
		</properties>
	</entity>
	<entity>
		<id>2entity</id>
		<span>25,27</span>
		<type>Month-Of-Year</type>
		<parentsType>Repeating-Interval</parentsType>
		<properties>
			<Type>March</Type>
			<Sub-Interval>3entity</Sub-Interval>
			<Number></Number>
			<Modifier></Modifier>
		</properties>
	</entity>
	<entity>
		<id>1entity</id>
		<span>20,24</span>
		<type>Year</type>
		<parentsType>Interval</parentsType>
		<properties>
			<Value>2013</Value>
			<Sub-Interval>2entity</Sub-Interval>
			<Modifier></Modifier>
		</properties>
	</entity>
	<entity>
		<id>4entity</id>
		<span>28,30</span>
		<type>Two-Digit-Year</type>
		<parentsType>Operator</parentsType>
		<properties>
			<Interval-Type>DocTime</Interval-Type>
			<Interval></Interval>
			<Value>22</Value>
			<Sub-Interval>2entity</Sub-Interval>
		</properties>
	</entity>
	<entity>
		<id>5entity</id>
		<span>62,67</span>
		<type>After</type>
		<parentsType>Operator</parentsType>
		<properties>
			<Interval-Type>Link</Interval-Type>
			<Interval></Interval>
			<Period></Period>
			<Repeating-Interval></Repeating-Interval>
			<Semantics>Interval-Not-Included</Semantics>
		</properties>
	</entity>
	<entity>
		<id>6entity</id>
		<span>429,436</span>
		<type>Month-Of-Year</type>
		<parentsType>Repeating-Interval</parentsType>
		<properties>
			<Type>October</Type>
			<Sub-Interval></Sub-Interval>
			<Number></Number>
			<Modifier></Modifier>
		</properties>
	</entity>
	<entity>
		<id>7entity</id>
		<span>429,436</span>
		<type>Next</type>
		<parentsType>Operator</parentsType>
		<properties>
			<Interval-Type>DocTime</Interval-Type>
			<Interval></Interval>
			<Period></Period>
			<Repeating-Interval>6entity</Repeating-Interval>
			<Semantics>Interval-Not-Included</Semantics>
		</properties>
	</entity>
	<entity>
		<id>8entity</id>
		<span>505,509</span>
		<type>Year</type>
		<parentsType>Interval</parentsType>
		<properties>
			<Value>2003</Value>
			<Sub-Interval></Sub-Interval>
			<Modifier></Modifier>
		</properties>
	</entity>
	<entity>
		<id>10entity</id>
		<span>871,873</span>
		<type>Number</type>
		<parentsType>Other</parentsType>
		<properties>
			<Value>18</Value>
		</properties>
	</entity>
	<entity>
		<id>9entity</id>
		<span>874,880</span>
		<type>Calendar-Interval</type>
		<parentsType>Repeating-Interval</parentsType>
		<properties>
			<Type>Month</Type>
			<Number>10entity</Number>
			<Modifier></Modifier>
		</properties>
	</entity>
	<entity>
		<id>11entity</id>
		<span>901,903</span>
		<type>Minute-Of-Hour</type>
		<parentsType>Repeating-Interval</parentsType>
		<properties>
			<Value>3</Value>
			<Sub-Interval></Sub-Interval>
			<Number></Number>
			<Modifier></Modifier>
		</properties>
	</entity>
	<entity>
		<id>12entity</id>
		<span>899,901</span>
		<type>Hour-Of-Day</type>
		<parentsType>Repeating-Interval</parentsType>
		<properties>
			<Value>20</Value>
			<AMPM-Of-Day></AMPM-Of-Day>
			<Time-Zone></Time-Zone>
			<Sub-Interval>11entity</Sub-Interval>
			<Number></Number>
			<Modifier></Modifier>
		</properties>
	</entity>
	<entity>
		<id>13entity</id>
		<span>899,903</span>
		<type>Year</type>
		<parentsType>Interval</parentsType>
		<properties>
			<Value>2003</Value>
			<Sub-Interval></Sub-Interval>
			<Modifier></Modifier>
		</properties>
	</entity>
	<entity>
		<id>14entity</id>
		<span>1024,1030</span>
		<type>Calendar-Interval</type>
		<parentsType>Repeating-Interval</parentsType>
		<properties>
			<Type>Decade</Type>
			<Number></Number>
			<Modifier></Modifier>
		</properties>
	</entity>
	<entity>
		<id>15entity</id>
		<span>1248,1252</span>
		<type>Year</type>
		<parentsType>Interval</parentsType>
		<properties>
			<Value>2011</Value>
			<Sub-Interval></Sub-Interval>
			<Modifier></Modifier>
		</properties>
	</entity>
	<entity>
		<id>16entity</id>
		<span>1552,1555</span>
		<type>This</type>
		<parentsType>Operator</parentsType>
		<properties>
			<Interval-Type>DocTime</Interval-Type>
			<Interval></Interval>
			<Period></Period>
			<Repeating-Interval></Repeating-Interval>
		</properties>
	</entity>
	<entity>
		<id>17entity</id>
		<span>1737,1741</span>
		<type>Year</type>
		<parentsType>Interval</parentsType>
		<properties>
			<Value>2008</Value>
			<Sub-Interval></Sub-Interval>
			<Modifier></Modifier>
		</properties>
	</entity>

</annotations>
</data>