<data>
<annotations>
	<entity>
		<id>1entity</id>
		<span>33,35</span>
		<type>Minute-Of-Hour</type>
		<parentsType>Repeating-Interval</parentsType>
		<properties>
			<Value>13</Value>
			<Sub-Interval></Sub-Interval>
			<Number></Number>
			<Modifier></Modifier>
		</properties>
	</entity>
	<entity>
		<id>2entity</id>
		<span>31,33</span>
		<type>Hour-Of-Day</type>
		<parentsType>Repeating-Interval</parentsType>
		<properties>
			<Value>20</Value>
			<AMPM-Of-Day></AMPM-Of-Day>
			<Time-Zone></Time-Zone>
			<Sub-Interval>1entity</Sub-Interval>
			<Number></Number>
			<Modifier></Modifier>
		</properties>
	</entity>
	<entity>
		<id>4entity</id>
		<span>27,29</span>
		<type>Day-Of-Month</type>
		<parentsType>Repeating-Interval</parentsType>
		<properties>
			<Value>21</Value>
			<Sub-Interval>2entity</Sub-Interval>
			<Number></Number>
			<Modifier></Modifier>
		</properties>
	</entity>
	<entity>
		<id>5entity</id>
		<span>31,35</span>
		<type>Year</type>
		<parentsType>Interval</parentsType>
		<properties>
			<Value>2013</Value>
			<Sub-Interval>3entity</Sub-Interval>
			<Modifier></Modifier>
		</properties>
	</entity>
	<entity>
		<id>3entity</id>
		<span>21,26</span>
		<type>Month-Of-Year</type>
		<parentsType>Repeating-Interval</parentsType>
		<properties>
			<Type>March</Type>
			<Sub-Interval>4entity</Sub-Interval>
			<Number></Number>
			<Modifier></Modifier>
		</properties>
	</entity>
	<entity>
		<id>6entity</id>
		<span>280,287</span>
		<type>Calendar-Interval</type>
		<parentsType>Repeating-Interval</parentsType>
		<properties>
			<Type>Second</Type>
			<Number></Number>
			<Modifier></Modifier>
		</properties>
	</entity>
	<entity>
		<id>7entity</id>
		<span>465,471</span>
		<type>Before</type>
		<parentsType>Operator</parentsType>
		<properties>
			<Interval-Type>Link</Interval-Type>
			<Interval></Interval>
			<Period></Period>
			<Repeating-Interval></Repeating-Interval>
			<Semantics>Interval-Not-Included</Semantics>
		</properties>
	</entity>
	<entity>
		<id>9entity</id>
		<span>478,480</span>
		<type>Number</type>
		<parentsType>Other</parentsType>
		<properties>
			<Value>40</Value>
		</properties>
	</entity>
	<entity>
		<id>8entity</id>
		<span>487,492</span>
		<type>Period</type>
		<parentsType>Duration</parentsType>
		<properties>
			<Type>Years</Type>
			<Number>9entity</Number>
			<Modifier></Modifier>
		</properties>
	</entity>
	<entity>
		<id>10entity</id>
		<span>499,502</span>
		<type>This</type>
		<parentsType>Operator</parentsType>
		<properties>
			<Interval-Type>DocTime</Interval-Type>
			<Interval></Interval>
			<Period></Period>
			<Repeating-Interval></Repeating-Interval>
		</properties>
	</entity>
	<entity>
		<id>12entity</id>
		<span>693,697</span>
		<type>Number</type>
		<parentsType>Other</parentsType>
		<properties>
			<Value>5</Value>
		</properties>
	</entity>
	<entity>
		<id>11entity</id>
		<span>698,703</span>
		<type>Calendar-Interval</type>
		<parentsType>Repeating-Interval</parentsType>
		<properties>
			<Type>Year</Type>
			<Number>12entity</Number>
			<Modifier></Modifier>
		</properties>
	</entity>
	<entity>
		<id>13entity</id>
		<span>784,786</span>
		<type>Minute-Of-Hour</type>
		<parentsType>Repeating-Interval</parentsType>
		<properties>
			<Value>11</Value>
			<Sub-Interval></Sub-Interval>
			<Number></Number>
			<Modifier></Modifier>
		</properties>
	</entity>
	<entity>
		<id>14entity</id>
		<span>782,784</span>
		<type>Hour-Of-Day</type>
		<parentsType>Repeating-Interval</parentsType>
		<properties>
			<Value>20</Value>
			<AMPM-Of-Day></AMPM-Of-Day>
			<Time-Zone></Time-Zone>
			<Sub-Interval>13entity</Sub-Interval>
			<Number></Number>
			<Modifier></Modifier>
		</properties>
	</entity>
	<entity>
		<id>15entity</id>
		<span>782,786</span>
		<type>Year</type>
		<parentsType>Interval</parentsType>
		<properties>
			<Value>2011</Value>
			<Sub-Interval></Sub-Interval>
			<Modifier></Modifier>
		</properties>
	</entity>
	<entity>
		<id>16entity</id>
		<span>1050,1055</span>
		<type>Modifier</type>
		<parentsType>Other</parentsType>
		<properties>
			<Type>Start</Type>
		</properties>
	</entity>
	<entity>
		<id>18entity</id>
		<span>1056,1060</span>
		<type>This</type>
		<parentsType>Operator</parentsType>
		<properties>
			<Interval-Type>DocTime</Interval-Type>
			<Interval></Interval>
			<Period></Period>
			<Repeating-Interval>17entity</Repeating-Interval>
		</properties>
	</entity>
	<entity>
		<id>17entity</id>
		<span>1061,1065</span>
		<type>Calendar-Interval</type>
		<parentsType>Repeating-Interval</parentsType>
		<properties>
			<Type>Year</Type>
			<Number></Number>
			<Modifier></Modifier>
		</properties>
	</entity>
	<entity>
		<id>19entity</id>
		<span>1174,1180</span>
		<type>Modifier</type>
		<parentsType>Other</parentsType>
		<properties>
			<Type>Less-Than</Type>
		</properties>
	</entity>
	<entity>
		<id>21entity</id>
		<span>1174,1186</span>
		<type>Number</type>
		<parentsType>Other</parentsType>
		<properties>
			<Value>7</Value>
		</properties>
	</entity>
	<entity>
		<id>20entity</id>
		<span>1187,1192</span>
		<type>Period</type>
		<parentsType>Duration</parentsType>
		<properties>
			<Type>Years</Type>
			<Number>21entity</Number>
			<Modifier></Modifier>
		</properties>
	</entity>
	<entity>
		<id>23entity</id>
		<span>1318,1321</span>
		<type>Number</type>
		<parentsType>Other</parentsType>
		<properties>
			<Value>2</Value>
		</properties>
	</entity>
	<entity>
		<id>22entity</id>
		<span>1322,1327</span>
		<type>Period</type>
		<parentsType>Duration</parentsType>
		<properties>
			<Type>Years</Type>
			<Number>23entity</Number>
			<Modifier></Modifier>
		</properties>
	</entity>
	<entity>
		<id>24entity</id>
		<span>1328,1333</span>
		<type>After</type>
		<parentsType>Operator</parentsType>
		<properties>
			<Interval-Type>Link</Interval-Type>
			<Interval></Interval>
			<Period></Period>
			<Repeating-Interval></Repeating-Interval>
			<Semantics>Interval-Not-Included</Semantics>
		</properties>
	</entity>
	<entity>
		<id>25entity</id>
		<span>1409,1414</span>
		<type>NthFromStart</type>
		<parentsType>Operator</parentsType>
		<properties>
			<Interval-Type>DocTime</Interval-Type>
			<Interval></Interval>
			<Value>1</Value>
			<Period></Period>
			<Repeating-Interval></Repeating-Interval>
		</properties>
	</entity>
	<entity>
		<id>27entity</id>
		<span>1506,1510</span>
		<type>This</type>
		<parentsType>Operator</parentsType>
		<properties>
			<Interval-Type>DocTime</Interval-Type>
			<Interval></Interval>
			<Period></Period>
			<Repeating-Interval>26entity</Repeating-Interval>
		</properties>
	</entity>
	<entity>
		<id>26entity</id>
		<span>1511,1516</span>
		<type>Calendar-Interval</type>
		<parentsType>Repeating-Interval</parentsType>
		<properties>
			<Type>Month</Type>
			<Number></Number>
			<Modifier></Modifier>
		</properties>
	</entity>
	<entity>
		<id>29entity</id>
		<span>1596,1599</span>
		<type>Number</type>
		<parentsType>Other</parentsType>
		<properties>
			<Value>1</Value>
		</properties>
	</entity>
	<entity>
		<id>28entity</id>
		<span>1600,1606</span>
		<type>Period</type>
		<parentsType>Duration</parentsType>
		<properties>
			<Type>Seconds</Type>
			<Number>29entity</Number>
			<Modifier></Modifier>
		</properties>
	</entity>
	<entity>
		<id>30entity</id>
		<span>1667,1671</span>
		<type>Period</type>
		<parentsType>Duration</parentsType>
		<properties>
			<Type>Days</Type>
			<Number></Number>
			<Modifier></Modifier>
		</properties>
	</entity>
	<entity>
		<id>31entity</id>
		<span>1672,1678</span>
		<type>Before</type>
		<parentsType>Operator</parentsType>
		<properties>
			<Interval-Type>Link</Interval-Type>
			<Interval></Interval>
			<Period></Period>
			<Repeating-Interval></Repeating-Interval>
			<Semantics>Interval-Not-Included</Semantics>
		</properties>
	</entity>
	<entity>
		<id>32entity</id>
		<span>1709,1714</span>
		<type>Modifier</type>
		<parentsType>Other</parentsType>
		<properties>
			<Type>Start</Type>
		</properties>
	</entity>

</annotations>
</data>