<data>
<annotations>
	<entity>
		<id>3entity</id>
		<span>29,31</span>
		<type>Day-Of-Month</type>
		<parentsType>Repeating-Interval</parentsType>
		<properties>
			<Value>22</Value>
			<Sub-Interval></Sub-Interval>
			<Number></Number>
			<Modifier></Modifier>
		</properties>
	</entity>
	<entity>
		<id>2entity</id>
		<span>26,28</span>
		<type>Month-Of-Year</type>
		<parentsType>Repeating-Interval</parentsType>
		<properties>
			<Type>March</Type>
			<Sub-Interval>3entity</Sub-Interval>
			<Number></Number>
			<Modifier></Modifier>
		</properties>
	</entity>
	<entity>
		<id>1entity</id>
		<span>21,25</span>
		<type>Year</type>
		<parentsType>Interval</parentsType>
		<properties>
			<Value>2013</Value>
			<Sub-Interval>2entity</Sub-Interval>
			<Modifier></Modifier>
		</properties>
	</entity>
	<entity>
		<id>4entity</id>
		<span>29,31</span>
		<type>Two-Digit-Year</type>
		<parentsType>Operator</parentsType>
		<properties>
			<Interval-Type>DocTime</Interval-Type>
			<Interval></Interval>
			<Value>22</Value>
			<Sub-Interval>2entity</Sub-Interval>
		</properties>
	</entity>
	<entity>
		<id>5entity</id>
		<span>40,42</span>
		<type>Minute-Of-Hour</type>
		<parentsType>Repeating-Interval</parentsType>
		<properties>
			<Value>53</Value>
			<Sub-Interval></Sub-Interval>
			<Number></Number>
			<Modifier></Modifier>
		</properties>
	</entity>
	<entity>
		<id>6entity</id>
		<span>38,40</span>
		<type>Hour-Of-Day</type>
		<parentsType>Repeating-Interval</parentsType>
		<properties>
			<Value>19</Value>
			<AMPM-Of-Day></AMPM-Of-Day>
			<Time-Zone></Time-Zone>
			<Sub-Interval>5entity</Sub-Interval>
			<Number></Number>
			<Modifier></Modifier>
		</properties>
	</entity>
	<entity>
		<id>7entity</id>
		<span>165,167</span>
		<type>Minute-Of-Hour</type>
		<parentsType>Repeating-Interval</parentsType>
		<properties>
			<Value>53</Value>
			<Sub-Interval></Sub-Interval>
			<Number></Number>
			<Modifier></Modifier>
		</properties>
	</entity>
	<entity>
		<id>8entity</id>
		<span>163,165</span>
		<type>Hour-Of-Day</type>
		<parentsType>Repeating-Interval</parentsType>
		<properties>
			<Value>19</Value>
			<AMPM-Of-Day></AMPM-Of-Day>
			<Time-Zone></Time-Zone>
			<Sub-Interval>7entity</Sub-Interval>
			<Number></Number>
			<Modifier></Modifier>
		</properties>
	</entity>
	<entity>
		<id>9entity</id>
		<span>163,167</span>
		<type>Year</type>
		<parentsType>Interval</parentsType>
		<properties>
			<Value>1953</Value>
			<Sub-Interval></Sub-Interval>
			<Modifier></Modifier>
		</properties>
	</entity>
	<entity>
		<id>10entity</id>
		<span>243,252</span>
		<type>Day-Of-Week</type>
		<parentsType>Repeating-Interval</parentsType>
		<properties>
			<Type>Wednesday</Type>
			<Sub-Interval></Sub-Interval>
			<Number></Number>
			<Modifier></Modifier>
		</properties>
	</entity>
	<entity>
		<id>11entity</id>
		<span>253,258</span>
		<type>After</type>
		<parentsType>Operator</parentsType>
		<properties>
			<Interval-Type>Link</Interval-Type>
			<Interval></Interval>
			<Period></Period>
			<Repeating-Interval></Repeating-Interval>
			<Semantics>Interval-Not-Included</Semantics>
		</properties>
	</entity>
	<entity>
		<id>12entity</id>
		<span>243,252</span>
		<type>Last</type>
		<parentsType>Operator</parentsType>
		<properties>
			<Semantics>Interval-Not-Included</Semantics>
			<Interval-Type>DocTime</Interval-Type>
			<Interval></Interval>
			<Period></Period>
			<Repeating-Interval>10entity</Repeating-Interval>
		</properties>
	</entity>
	<entity>
		<id>13entity</id>
		<span>426,430</span>
		<type>Year</type>
		<parentsType>Interval</parentsType>
		<properties>
			<Value>1953</Value>
			<Sub-Interval></Sub-Interval>
			<Modifier></Modifier>
		</properties>
	</entity>
	<entity>
		<id>14entity</id>
		<span>714,719</span>
		<type>After</type>
		<parentsType>Operator</parentsType>
		<properties>
			<Interval-Type>Link</Interval-Type>
			<Interval></Interval>
			<Period></Period>
			<Repeating-Interval></Repeating-Interval>
			<Semantics>Interval-Not-Included</Semantics>
		</properties>
	</entity>
	<entity>
		<id>15entity</id>
		<span>796,800</span>
		<type>Year</type>
		<parentsType>Interval</parentsType>
		<properties>
			<Value>1995</Value>
			<Sub-Interval></Sub-Interval>
			<Modifier></Modifier>
		</properties>
	</entity>
	<entity>
		<id>17entity</id>
		<span>875,877</span>
		<type>Number</type>
		<parentsType>Other</parentsType>
		<properties>
			<Value>10</Value>
		</properties>
	</entity>
	<entity>
		<id>16entity</id>
		<span>879,883</span>
		<type>Calendar-Interval</type>
		<parentsType>Repeating-Interval</parentsType>
		<properties>
			<Type>Day</Type>
			<Number>17entity</Number>
			<Modifier></Modifier>
		</properties>
	</entity>
	<entity>
		<id>19entity</id>
		<span>910,912</span>
		<type>Number</type>
		<parentsType>Other</parentsType>
		<properties>
			<Value>99</Value>
		</properties>
	</entity>
	<entity>
		<id>18entity</id>
		<span>915,918</span>
		<type>Period</type>
		<parentsType>Duration</parentsType>
		<properties>
			<Type>Days</Type>
			<Number>19entity</Number>
			<Modifier></Modifier>
		</properties>
	</entity>
	<entity>
		<id>20entity</id>
		<span>1136,1142</span>
		<type>Period</type>
		<parentsType>Duration</parentsType>
		<properties>
			<Type>Seconds</Type>
			<Number></Number>
			<Modifier></Modifier>
		</properties>
	</entity>
	<entity>
		<id>21entity</id>
		<span>1494,1498</span>
		<type>Year</type>
		<parentsType>Interval</parentsType>
		<properties>
			<Value>2005</Value>
			<Sub-Interval></Sub-Interval>
			<Modifier></Modifier>
		</properties>
	</entity>
	<entity>
		<id>22entity</id>
		<span>1745,1748</span>
		<type>Month-Of-Year</type>
		<parentsType>Repeating-Interval</parentsType>
		<properties>
			<Type>May</Type>
			<Sub-Interval></Sub-Interval>
			<Number></Number>
			<Modifier></Modifier>
		</properties>
	</entity>
	<entity>
		<id>23entity</id>
		<span>1745,1748</span>
		<type>Next</type>
		<parentsType>Operator</parentsType>
		<properties>
			<Interval-Type>DocTime</Interval-Type>
			<Interval></Interval>
			<Period></Period>
			<Repeating-Interval>22entity</Repeating-Interval>
			<Semantics>Interval-Not-Included</Semantics>
		</properties>
	</entity>
	<entity>
		<id>25entity</id>
		<span>1833,1835</span>
		<type>Number</type>
		<parentsType>Other</parentsType>
		<properties>
			<Value>60</Value>
		</properties>
	</entity>
	<entity>
		<id>24entity</id>
		<span>1836,1841</span>
		<type>Period</type>
		<parentsType>Duration</parentsType>
		<properties>
			<Type>Years</Type>
			<Number>25entity</Number>
			<Modifier></Modifier>
		</properties>
	</entity>
	<entity>
		<id>26entity</id>
		<span>1969,1973</span>
		<type>NthFromStart</type>
		<parentsType>Operator</parentsType>
		<properties>
			<Interval-Type>DocTime</Interval-Type>
			<Interval></Interval>
			<Value>20</Value>
			<Period></Period>
			<Repeating-Interval></Repeating-Interval>
		</properties>
	</entity>
	<entity>
		<id>27entity</id>
		<span>2075,2081</span>
		<type>Before</type>
		<parentsType>Operator</parentsType>
		<properties>
			<Interval-Type>Link</Interval-Type>
			<Interval></Interval>
			<Period></Period>
			<Repeating-Interval></Repeating-Interval>
			<Semantics>Interval-Not-Included</Semantics>
		</properties>
	</entity>
	<entity>
		<id>28entity</id>
		<span>2094,2098</span>
		<type>Year</type>
		<parentsType>Interval</parentsType>
		<properties>
			<Value>1984</Value>
			<Sub-Interval></Sub-Interval>
			<Modifier></Modifier>
		</properties>
	</entity>
	<entity>
		<id>29entity</id>
		<span>2283,2285</span>
		<type>Minute-Of-Hour</type>
		<parentsType>Repeating-Interval</parentsType>
		<properties>
			<Value>53</Value>
			<Sub-Interval></Sub-Interval>
			<Number></Number>
			<Modifier></Modifier>
		</properties>
	</entity>
	<entity>
		<id>30entity</id>
		<span>2281,2283</span>
		<type>Hour-Of-Day</type>
		<parentsType>Repeating-Interval</parentsType>
		<properties>
			<Value>19</Value>
			<AMPM-Of-Day></AMPM-Of-Day>
			<Time-Zone></Time-Zone>
			<Sub-Interval>29entity</Sub-Interval>
			<Number></Number>
			<Modifier></Modifier>
		</properties>
	</entity>
	<entity>
		<id>31entity</id>
		<span>2281,2285</span>
		<type>Year</type>
		<parentsType>Interval</parentsType>
		<properties>
			<Value>1953</Value>
			<Sub-Interval></Sub-Interval>
			<Modifier></Modifier>
		</properties>
	</entity>
	<entity>
		<id>33entity</id>
		<span>2314,2318</span>
		<type>Last</type>
		<parentsType>Operator</parentsType>
		<properties>
			<Semantics>Interval-Not-Included</Semantics>
			<Interval-Type>DocTime</Interval-Type>
			<Interval></Interval>
			<Period></Period>
			<Repeating-Interval>32entity</Repeating-Interval>
		</properties>
	</entity>
	<entity>
		<id>32entity</id>
		<span>2319,2323</span>
		<type>Month-Of-Year</type>
		<parentsType>Repeating-Interval</parentsType>
		<properties>
			<Type>June</Type>
			<Sub-Interval></Sub-Interval>
			<Number></Number>
			<Modifier></Modifier>
		</properties>
	</entity>

</annotations>
</data>