<data>
<annotations>
	<entity>
		<id>3entity</id>
		<span>37,39</span>
		<type>Day-Of-Month</type>
		<parentsType>Repeating-Interval</parentsType>
		<properties>
			<Value>21</Value>
			<Sub-Interval></Sub-Interval>
			<Number></Number>
			<Modifier></Modifier>
		</properties>
	</entity>
	<entity>
		<id>2entity</id>
		<span>34,36</span>
		<type>Month-Of-Year</type>
		<parentsType>Repeating-Interval</parentsType>
		<properties>
			<Type>March</Type>
			<Sub-Interval>3entity</Sub-Interval>
			<Number></Number>
			<Modifier></Modifier>
		</properties>
	</entity>
	<entity>
		<id>1entity</id>
		<span>29,33</span>
		<type>Year</type>
		<parentsType>Interval</parentsType>
		<properties>
			<Value>2013</Value>
			<Sub-Interval>2entity</Sub-Interval>
			<Modifier></Modifier>
		</properties>
	</entity>
	<entity>
		<id>4entity</id>
		<span>37,39</span>
		<type>Two-Digit-Year</type>
		<parentsType>Operator</parentsType>
		<properties>
			<Interval-Type>DocTime</Interval-Type>
			<Interval></Interval>
			<Value>21</Value>
			<Sub-Interval>2entity</Sub-Interval>
		</properties>
	</entity>
	<entity>
		<id>5entity</id>
		<span>89,93</span>
		<type>Period</type>
		<parentsType>Duration</parentsType>
		<properties>
			<Type>Hours</Type>
			<Number></Number>
			<Modifier></Modifier>
		</properties>
	</entity>
	<entity>
		<id>6entity</id>
		<span>94,100</span>
		<type>Before</type>
		<parentsType>Operator</parentsType>
		<properties>
			<Interval-Type>Link</Interval-Type>
			<Interval></Interval>
			<Period></Period>
			<Repeating-Interval></Repeating-Interval>
			<Semantics>Interval-Not-Included</Semantics>
		</properties>
	</entity>
	<entity>
		<id>7entity</id>
		<span>552,559</span>
		<type>Month-Of-Year</type>
		<parentsType>Repeating-Interval</parentsType>
		<properties>
			<Type>January</Type>
			<Sub-Interval></Sub-Interval>
			<Number></Number>
			<Modifier></Modifier>
		</properties>
	</entity>
	<entity>
		<id>8entity</id>
		<span>560,563</span>
		<type>Calendar-Interval</type>
		<parentsType>Repeating-Interval</parentsType>
		<properties>
			<Type>Day</Type>
			<Number></Number>
			<Modifier></Modifier>
		</properties>
	</entity>
	<entity>
		<id>9entity</id>
		<span>552,559</span>
		<type>Last</type>
		<parentsType>Operator</parentsType>
		<properties>
			<Semantics>Interval-Not-Included</Semantics>
			<Interval-Type>DocTime</Interval-Type>
			<Interval></Interval>
			<Period></Period>
			<Repeating-Interval>7entity</Repeating-Interval>
		</properties>
	</entity>
	<entity>
		<id>10entity</id>
		<span>569,571</span>
		<type>Minute-Of-Hour</type>
		<parentsType>Repeating-Interval</parentsType>
		<properties>
			<Value>11</Value>
			<Sub-Interval></Sub-Interval>
			<Number></Number>
			<Modifier></Modifier>
		</properties>
	</entity>
	<entity>
		<id>11entity</id>
		<span>567,569</span>
		<type>Hour-Of-Day</type>
		<parentsType>Repeating-Interval</parentsType>
		<properties>
			<Value>20</Value>
			<AMPM-Of-Day></AMPM-Of-Day>
			<Time-Zone></Time-Zone>
			<Sub-Interval>10entity</Sub-Interval>
			<Number></Number>
			<Modifier></Modifier>
		</properties>
	</entity>
	<entity>
		<id>12entity</id>
		<span>567,571</span>
		<type>Year</type>
		<parentsType>Interval</parentsType>
		<properties>
			<Value>2011</Value>
			<Sub-Interval></Sub-Interval>
			<Modifier></Modifier>
		</properties>
	</entity>
	<entity>
		<id>14entity</id>
		<span>769,771</span>
		<type>Number</type>
		<parentsType>Other</parentsType>
		<properties>
			<Value>90</Value>
		</properties>
	</entity>
	<entity>
		<id>13entity</id>
		<span>772,777</span>
		<type>Period</type>
		<parentsType>Duration</parentsType>
		<properties>
			<Type>Years</Type>
			<Number>14entity</Number>
			<Modifier></Modifier>
		</properties>
	</entity>
	<entity>
		<id>16entity</id>
		<span>883,885</span>
		<type>Number</type>
		<parentsType>Other</parentsType>
		<properties>
			<Value>24</Value>
		</properties>
	</entity>
	<entity>
		<id>15entity</id>
		<span>886,891</span>
		<type>Period</type>
		<parentsType>Duration</parentsType>
		<properties>
			<Type>Hours</Type>
			<Number>16entity</Number>
			<Modifier></Modifier>
		</properties>
	</entity>
	<entity>
		<id>17entity</id>
		<span>968,971</span>
		<type>This</type>
		<parentsType>Operator</parentsType>
		<properties>
			<Interval-Type>DocTime</Interval-Type>
			<Interval></Interval>
			<Period></Period>
			<Repeating-Interval></Repeating-Interval>
		</properties>
	</entity>
	<entity>
		<id>19entity</id>
		<span>1065,1067</span>
		<type>Number</type>
		<parentsType>Other</parentsType>
		<properties>
			<Value>20</Value>
		</properties>
	</entity>
	<entity>
		<id>18entity</id>
		<span>1070,1077</span>
		<type>Calendar-Interval</type>
		<parentsType>Repeating-Interval</parentsType>
		<properties>
			<Type>Century</Type>
			<Number>19entity</Number>
			<Modifier></Modifier>
		</properties>
	</entity>
	<entity>
		<id>20entity</id>
		<span>1065,1069</span>
		<type>NthFromStart</type>
		<parentsType>Operator</parentsType>
		<properties>
			<Interval-Type>DocTime</Interval-Type>
			<Interval></Interval>
			<Value>20</Value>
			<Period></Period>
			<Repeating-Interval>18entity</Repeating-Interval>
		</properties>
	</entity>
	<entity>
		<id>21entity</id>
		<span>1162,1165</span>
		<type>This</type>
		<parentsType>Operator</parentsType>
		<properties>
			<Interval-Type>DocTime</Interval-Type>
			<Interval></Interval>
			<Period></Period>
			<Repeating-Interval></Repeating-Interval>
		</properties>
	</entity>
	<entity>
		<id>22entity</id>
		<span>1233,1238</span>
		<type>NthFromStart</type>
		<parentsType>Operator</parentsType>
		<properties>
			<Interval-Type>DocTime</Interval-Type>
			<Interval></Interval>
			<Value>1</Value>
			<Period></Period>
			<Repeating-Interval></Repeating-Interval>
		</properties>
	</entity>
	<entity>
		<id>23entity</id>
		<span>1636,1642</span>
		<type>Modifier</type>
		<parentsType>Other</parentsType>
		<properties>
			<Type>Fiscal</Type>
		</properties>
	</entity>
	<entity>
		<id>25entity</id>
		<span>1720,1724</span>
		<type>Last</type>
		<parentsType>Operator</parentsType>
		<properties>
			<Semantics>Interval-Not-Included</Semantics>
			<Interval-Type>DocTime</Interval-Type>
			<Interval></Interval>
			<Period></Period>
			<Repeating-Interval>24entity</Repeating-Interval>
		</properties>
	</entity>
	<entity>
		<id>24entity</id>
		<span>1725,1729</span>
		<type>Calendar-Interval</type>
		<parentsType>Repeating-Interval</parentsType>
		<properties>
			<Type>Year</Type>
			<Number></Number>
			<Modifier></Modifier>
		</properties>
	</entity>
	<entity>
		<id>26entity</id>
		<span>1816,1820</span>
		<type>Modifier</type>
		<parentsType>Other</parentsType>
		<properties>
			<Type>Approx</Type>
		</properties>
	</entity>
	<entity>
		<id>28entity</id>
		<span>2147,2150</span>
		<type>Number</type>
		<parentsType>Other</parentsType>
		<properties>
			<Value>6</Value>
		</properties>
	</entity>
	<entity>
		<id>27entity</id>
		<span>2151,2156</span>
		<type>Period</type>
		<parentsType>Duration</parentsType>
		<properties>
			<Type>Years</Type>
			<Number>28entity</Number>
			<Modifier></Modifier>
		</properties>
	</entity>
	<entity>
		<id>29entity</id>
		<span>2157,2160</span>
		<type>Before</type>
		<parentsType>Operator</parentsType>
		<properties>
			<Interval-Type>Link</Interval-Type>
			<Interval></Interval>
			<Period></Period>
			<Repeating-Interval></Repeating-Interval>
			<Semantics>Interval-Not-Included</Semantics>
		</properties>
	</entity>
	<entity>
		<id>30entity</id>
		<span>3010,3014</span>
		<type>Year</type>
		<parentsType>Interval</parentsType>
		<properties>
			<Value>2010</Value>
			<Sub-Interval></Sub-Interval>
			<Modifier></Modifier>
		</properties>
	</entity>
	<entity>
		<id>32entity</id>
		<span>3077,3081</span>
		<type>This</type>
		<parentsType>Operator</parentsType>
		<properties>
			<Interval-Type>DocTime</Interval-Type>
			<Interval></Interval>
			<Period></Period>
			<Repeating-Interval>31entity</Repeating-Interval>
		</properties>
	</entity>
	<entity>
		<id>31entity</id>
		<span>3082,3086</span>
		<type>Calendar-Interval</type>
		<parentsType>Repeating-Interval</parentsType>
		<properties>
			<Type>Year</Type>
			<Number></Number>
			<Modifier></Modifier>
		</properties>
	</entity>

</annotations>
</data>