<data>
<annotations>
	<entity>
		<id>1entity</id>
		<span>27,29</span>
		<type>Minute-Of-Hour</type>
		<parentsType>Repeating-Interval</parentsType>
		<properties>
			<Value>13</Value>
			<Sub-Interval></Sub-Interval>
			<Number></Number>
			<Modifier></Modifier>
		</properties>
	</entity>
	<entity>
		<id>2entity</id>
		<span>25,27</span>
		<type>Hour-Of-Day</type>
		<parentsType>Repeating-Interval</parentsType>
		<properties>
			<Value>20</Value>
			<AMPM-Of-Day></AMPM-Of-Day>
			<Time-Zone></Time-Zone>
			<Sub-Interval>1entity</Sub-Interval>
			<Number></Number>
			<Modifier></Modifier>
		</properties>
	</entity>
	<entity>
		<id>4entity</id>
		<span>21,23</span>
		<type>Day-Of-Month</type>
		<parentsType>Repeating-Interval</parentsType>
		<properties>
			<Value>22</Value>
			<Sub-Interval>2entity</Sub-Interval>
			<Number></Number>
			<Modifier></Modifier>
		</properties>
	</entity>
	<entity>
		<id>5entity</id>
		<span>25,29</span>
		<type>Year</type>
		<parentsType>Interval</parentsType>
		<properties>
			<Value>2013</Value>
			<Sub-Interval>3entity</Sub-Interval>
			<Modifier></Modifier>
		</properties>
	</entity>
	<entity>
		<id>3entity</id>
		<span>15,20</span>
		<type>Month-Of-Year</type>
		<parentsType>Repeating-Interval</parentsType>
		<properties>
			<Type>March</Type>
			<Sub-Interval>4entity</Sub-Interval>
			<Number></Number>
			<Modifier></Modifier>
		</properties>
	</entity>
	<entity>
		<id>6entity</id>
		<span>198,203</span>
		<type>Period</type>
		<parentsType>Duration</parentsType>
		<properties>
			<Type>Months</Type>
			<Number></Number>
			<Modifier></Modifier>
		</properties>
	</entity>
	<entity>
		<id>7entity</id>
		<span>204,211</span>
		<type>Before</type>
		<parentsType>Operator</parentsType>
		<properties>
			<Interval-Type>Link</Interval-Type>
			<Interval></Interval>
			<Period></Period>
			<Repeating-Interval></Repeating-Interval>
			<Semantics>Interval-Not-Included</Semantics>
		</properties>
	</entity>
	<entity>
		<id>8entity</id>
		<span>276,282</span>
		<type>Period</type>
		<parentsType>Duration</parentsType>
		<properties>
			<Type>Decades</Type>
			<Number></Number>
			<Modifier></Modifier>
		</properties>
	</entity>
	<entity>
		<id>10entity</id>
		<span>474,478</span>
		<type>Last</type>
		<parentsType>Operator</parentsType>
		<properties>
			<Semantics>Interval-Not-Included</Semantics>
			<Interval-Type>DocTime</Interval-Type>
			<Interval></Interval>
			<Period></Period>
			<Repeating-Interval>9entity</Repeating-Interval>
		</properties>
	</entity>
	<entity>
		<id>9entity</id>
		<span>479,483</span>
		<type>Calendar-Interval</type>
		<parentsType>Repeating-Interval</parentsType>
		<properties>
			<Type>Week</Type>
			<Number></Number>
			<Modifier></Modifier>
		</properties>
	</entity>
	<entity>
		<id>11entity</id>
		<span>561,567</span>
		<type>Day-Of-Week</type>
		<parentsType>Repeating-Interval</parentsType>
		<properties>
			<Type>Friday</Type>
			<Sub-Interval></Sub-Interval>
			<Number></Number>
			<Modifier></Modifier>
		</properties>
	</entity>
	<entity>
		<id>12entity</id>
		<span>561,567</span>
		<type>Last</type>
		<parentsType>Operator</parentsType>
		<properties>
			<Semantics>Interval-Not-Included</Semantics>
			<Interval-Type>DocTime</Interval-Type>
			<Interval></Interval>
			<Period></Period>
			<Repeating-Interval>11entity</Repeating-Interval>
		</properties>
	</entity>
	<entity>
		<id>14entity</id>
		<span>743,744</span>
		<type>Number</type>
		<parentsType>Other</parentsType>
		<properties>
			<Value>6</Value>
		</properties>
	</entity>
	<entity>
		<id>13entity</id>
		<span>745,751</span>
		<type>Calendar-Interval</type>
		<parentsType>Repeating-Interval</parentsType>
		<properties>
			<Type>Month</Type>
			<Number>14entity</Number>
			<Modifier></Modifier>
		</properties>
	</entity>
	<entity>
		<id>16entity</id>
		<span>996,1000</span>
		<type>This</type>
		<parentsType>Operator</parentsType>
		<properties>
			<Interval-Type>DocTime</Interval-Type>
			<Interval></Interval>
			<Period></Period>
			<Repeating-Interval>15entity</Repeating-Interval>
		</properties>
	</entity>
	<entity>
		<id>15entity</id>
		<span>1001,1006</span>
		<type>Calendar-Interval</type>
		<parentsType>Repeating-Interval</parentsType>
		<properties>
			<Type>Year</Type>
			<Number></Number>
			<Modifier></Modifier>
		</properties>
	</entity>
	<entity>
		<id>17entity</id>
		<span>1131,1136</span>
		<type>Modifier</type>
		<parentsType>Other</parentsType>
		<properties>
			<Type>Start</Type>
		</properties>
	</entity>
	<entity>
		<id>18entity</id>
		<span>1473,1479</span>
		<type>Period</type>
		<parentsType>Duration</parentsType>
		<properties>
			<Type>Months</Type>
			<Number></Number>
			<Modifier></Modifier>
		</properties>
	</entity>
	<entity>
		<id>19entity</id>
		<span>1575,1580</span>
		<type>Modifier</type>
		<parentsType>Other</parentsType>
		<properties>
			<Type>Start</Type>
		</properties>
	</entity>
	<entity>
		<id>20entity</id>
		<span>1581,1589</span>
		<type>Month-Of-Year</type>
		<parentsType>Repeating-Interval</parentsType>
		<properties>
			<Type>December</Type>
			<Sub-Interval></Sub-Interval>
			<Number></Number>
			<Modifier></Modifier>
		</properties>
	</entity>
	<entity>
		<id>21entity</id>
		<span>1581,1589</span>
		<type>Next</type>
		<parentsType>Operator</parentsType>
		<properties>
			<Interval-Type>DocTime</Interval-Type>
			<Interval></Interval>
			<Period></Period>
			<Repeating-Interval>20entity</Repeating-Interval>
			<Semantics>Interval-Not-Included</Semantics>
		</properties>
	</entity>
	<entity>
		<id>22entity</id>
		<span>1593,1598</span>
		<type>Calendar-Interval</type>
		<parentsType>Repeating-Interval</parentsType>
		<properties>
			<Type>Month</Type>
			<Number></Number>
			<Modifier></Modifier>
		</properties>
	</entity>
	<entity>
		<id>23entity</id>
		<span>1599,1606</span>
		<type>Before</type>
		<parentsType>Operator</parentsType>
		<properties>
			<Interval-Type>Link</Interval-Type>
			<Interval></Interval>
			<Period></Period>
			<Repeating-Interval></Repeating-Interval>
			<Semantics>Interval-Not-Included</Semantics>
		</properties>
	</entity>
	<entity>
		<id>24entity</id>
		<span>1644,1648</span>
		<type>Period</type>
		<parentsType>Duration</parentsType>
		<properties>
			<Type>Years</Type>
			<Number></Number>
			<Modifier></Modifier>
		</properties>
	</entity>

</annotations>
</data>