<data>
<annotations>
	<entity>
		<id>1entity</id>
		<span>33,35</span>
		<type>Minute-Of-Hour</type>
		<parentsType>Repeating-Interval</parentsType>
		<properties>
			<Value>13</Value>
			<Sub-Interval></Sub-Interval>
			<Number></Number>
			<Modifier></Modifier>
		</properties>
	</entity>
	<entity>
		<id>2entity</id>
		<span>31,33</span>
		<type>Hour-Of-Day</type>
		<parentsType>Repeating-Interval</parentsType>
		<properties>
			<Value>20</Value>
			<AMPM-Of-Day></AMPM-Of-Day>
			<Time-Zone></Time-Zone>
			<Sub-Interval>1entity</Sub-Interval>
			<Number></Number>
			<Modifier></Modifier>
		</properties>
	</entity>
	<entity>
		<id>4entity</id>
		<span>27,29</span>
		<type>Day-Of-Month</type>
		<parentsType>Repeating-Interval</parentsType>
		<properties>
			<Value>22</Value>
			<Sub-Interval>2entity</Sub-Interval>
			<Number></Number>
			<Modifier></Modifier>
		</properties>
	</entity>
	<entity>
		<id>5entity</id>
		<span>31,35</span>
		<type>Year</type>
		<parentsType>Interval</parentsType>
		<properties>
			<Value>2013</Value>
			<Sub-Interval>3entity</Sub-Interval>
			<Modifier></Modifier>
		</properties>
	</entity>
	<entity>
		<id>3entity</id>
		<span>21,26</span>
		<type>Month-Of-Year</type>
		<parentsType>Repeating-Interval</parentsType>
		<properties>
			<Type>March</Type>
			<Sub-Interval>4entity</Sub-Interval>
			<Number></Number>
			<Modifier></Modifier>
		</properties>
	</entity>
	<entity>
		<id>6entity</id>
		<span>96,102</span>
		<type>Before</type>
		<parentsType>Operator</parentsType>
		<properties>
			<Interval-Type>Link</Interval-Type>
			<Interval></Interval>
			<Period></Period>
			<Repeating-Interval></Repeating-Interval>
			<Semantics>Interval-Not-Included</Semantics>
		</properties>
	</entity>
	<entity>
		<id>8entity</id>
		<span>146,150</span>
		<type>This</type>
		<parentsType>Operator</parentsType>
		<properties>
			<Interval-Type>DocTime</Interval-Type>
			<Interval></Interval>
			<Period></Period>
			<Repeating-Interval>7entity</Repeating-Interval>
		</properties>
	</entity>
	<entity>
		<id>7entity</id>
		<span>151,155</span>
		<type>Calendar-Interval</type>
		<parentsType>Repeating-Interval</parentsType>
		<properties>
			<Type>Week</Type>
			<Number></Number>
			<Modifier></Modifier>
		</properties>
	</entity>
	<entity>
		<id>9entity</id>
		<span>652,658</span>
		<type>Calendar-Interval</type>
		<parentsType>Repeating-Interval</parentsType>
		<properties>
			<Type>Second</Type>
			<Number></Number>
			<Modifier></Modifier>
		</properties>
	</entity>
	<entity>
		<id>10entity</id>
		<span>1895,1899</span>
		<type>Modifier</type>
		<parentsType>Other</parentsType>
		<properties>
			<Type>Approx</Type>
		</properties>
	</entity>
	<entity>
		<id>11entity</id>
		<span>1990,1993</span>
		<type>Calendar-Interval</type>
		<parentsType>Repeating-Interval</parentsType>
		<properties>
			<Type>Day</Type>
			<Number></Number>
			<Modifier></Modifier>
		</properties>
	</entity>
	<entity>
		<id>12entity</id>
		<span>2579,2583</span>
		<type>Modifier</type>
		<parentsType>Other</parentsType>
		<properties>
			<Type>Approx</Type>
		</properties>
	</entity>

</annotations>
</data>