<data>
<annotations>
	<entity>
		<id>3entity</id>
		<span>40,42</span>
		<type>Day-Of-Month</type>
		<parentsType>Repeating-Interval</parentsType>
		<properties>
			<Value>21</Value>
			<Sub-Interval></Sub-Interval>
			<Number></Number>
			<Modifier></Modifier>
		</properties>
	</entity>
	<entity>
		<id>2entity</id>
		<span>37,39</span>
		<type>Month-Of-Year</type>
		<parentsType>Repeating-Interval</parentsType>
		<properties>
			<Type>March</Type>
			<Sub-Interval>3entity</Sub-Interval>
			<Number></Number>
			<Modifier></Modifier>
		</properties>
	</entity>
	<entity>
		<id>1entity</id>
		<span>32,36</span>
		<type>Year</type>
		<parentsType>Interval</parentsType>
		<properties>
			<Value>2013</Value>
			<Sub-Interval>2entity</Sub-Interval>
			<Modifier></Modifier>
		</properties>
	</entity>
	<entity>
		<id>4entity</id>
		<span>40,42</span>
		<type>Two-Digit-Year</type>
		<parentsType>Operator</parentsType>
		<properties>
			<Interval-Type>DocTime</Interval-Type>
			<Interval></Interval>
			<Value>21</Value>
			<Sub-Interval>2entity</Sub-Interval>
		</properties>
	</entity>
	<entity>
		<id>6entity</id>
		<span>162,166</span>
		<type>This</type>
		<parentsType>Operator</parentsType>
		<properties>
			<Interval-Type>DocTime</Interval-Type>
			<Interval></Interval>
			<Period></Period>
			<Repeating-Interval>5entity</Repeating-Interval>
		</properties>
	</entity>
	<entity>
		<id>5entity</id>
		<span>167,172</span>
		<type>Calendar-Interval</type>
		<parentsType>Repeating-Interval</parentsType>
		<properties>
			<Type>Month</Type>
			<Number></Number>
			<Modifier></Modifier>
		</properties>
	</entity>
	<entity>
		<id>7entity</id>
		<span>699,706</span>
		<type>Part-Of-Day</type>
		<parentsType>Repeating-Interval</parentsType>
		<properties>
			<Type>Morning</Type>
			<Number></Number>
			<Modifier></Modifier>
		</properties>
	</entity>
	<entity>
		<id>8entity</id>
		<span>707,712</span>
		<type>After</type>
		<parentsType>Operator</parentsType>
		<properties>
			<Interval-Type>Link</Interval-Type>
			<Interval></Interval>
			<Period></Period>
			<Repeating-Interval></Repeating-Interval>
			<Semantics>Interval-Not-Included</Semantics>
		</properties>
	</entity>
	<entity>
		<id>10entity</id>
		<span>967,971</span>
		<type>Last</type>
		<parentsType>Operator</parentsType>
		<properties>
			<Semantics>Interval-Not-Included</Semantics>
			<Interval-Type>DocTime</Interval-Type>
			<Interval></Interval>
			<Period></Period>
			<Repeating-Interval>9entity</Repeating-Interval>
		</properties>
	</entity>
	<entity>
		<id>9entity</id>
		<span>972,977</span>
		<type>Calendar-Interval</type>
		<parentsType>Repeating-Interval</parentsType>
		<properties>
			<Type>Month</Type>
			<Number></Number>
			<Modifier></Modifier>
		</properties>
	</entity>
	<entity>
		<id>11entity</id>
		<span>979,984</span>
		<type>After</type>
		<parentsType>Operator</parentsType>
		<properties>
			<Interval-Type>Link</Interval-Type>
			<Interval></Interval>
			<Period></Period>
			<Repeating-Interval></Repeating-Interval>
			<Semantics>Interval-Not-Included</Semantics>
		</properties>
	</entity>
	<entity>
		<id>12entity</id>
		<span>1173,1178</span>
		<type>Period</type>
		<parentsType>Duration</parentsType>
		<properties>
			<Type>Years</Type>
			<Number></Number>
			<Modifier></Modifier>
		</properties>
	</entity>
	<entity>
		<id>14entity</id>
		<span>1335,1339</span>
		<type>Number</type>
		<parentsType>Other</parentsType>
		<properties>
			<Value>4</Value>
		</properties>
	</entity>
	<entity>
		<id>13entity</id>
		<span>1340,1345</span>
		<type>Period</type>
		<parentsType>Duration</parentsType>
		<properties>
			<Type>Years</Type>
			<Number>14entity</Number>
			<Modifier></Modifier>
		</properties>
	</entity>
	<entity>
		<id>15entity</id>
		<span>1346,1349</span>
		<type>Before</type>
		<parentsType>Operator</parentsType>
		<properties>
			<Interval-Type>Link</Interval-Type>
			<Interval></Interval>
			<Period></Period>
			<Repeating-Interval></Repeating-Interval>
			<Semantics>Interval-Not-Included</Semantics>
		</properties>
	</entity>
	<entity>
		<id>16entity</id>
		<span>1609,1613</span>
		<type>Modifier</type>
		<parentsType>Other</parentsType>
		<properties>
			<Type>Approx</Type>
		</properties>
	</entity>
	<entity>
		<id>17entity</id>
		<span>1648,1652</span>
		<type>Year</type>
		<parentsType>Interval</parentsType>
		<properties>
			<Value>2011</Value>
			<Sub-Interval></Sub-Interval>
			<Modifier></Modifier>
		</properties>
	</entity>
	<entity>
		<id>18entity</id>
		<span>1684,1688</span>
		<type>Modifier</type>
		<parentsType>Other</parentsType>
		<properties>
			<Type>Approx</Type>
		</properties>
	</entity>
	<entity>
		<id>20entity</id>
		<span>1896,1898</span>
		<type>Day-Of-Month</type>
		<parentsType>Repeating-Interval</parentsType>
		<properties>
			<Value>28</Value>
			<Sub-Interval></Sub-Interval>
			<Number></Number>
			<Modifier></Modifier>
		</properties>
	</entity>
	<entity>
		<id>19entity</id>
		<span>1891,1895</span>
		<type>Month-Of-Year</type>
		<parentsType>Repeating-Interval</parentsType>
		<properties>
			<Type>February</Type>
			<Sub-Interval>20entity</Sub-Interval>
			<Number></Number>
			<Modifier></Modifier>
		</properties>
	</entity>
	<entity>
		<id>21entity</id>
		<span>1891,1895</span>
		<type>Last</type>
		<parentsType>Operator</parentsType>
		<properties>
			<Semantics>Interval-Not-Included</Semantics>
			<Interval-Type>DocTime</Interval-Type>
			<Interval></Interval>
			<Period></Period>
			<Repeating-Interval>19entity</Repeating-Interval>
		</properties>
	</entity>
	<entity>
		<id>22entity</id>
		<span>1961,1968</span>
		<type>This</type>
		<parentsType>Operator</parentsType>
		<properties>
			<Interval-Type>DocTime</Interval-Type>
			<Interval></Interval>
			<Period></Period>
			<Repeating-Interval></Repeating-Interval>
		</properties>
	</entity>
	<entity>
		<id>23entity</id>
		<span>2062,2066</span>
		<type>Modifier</type>
		<parentsType>Other</parentsType>
		<properties>
			<Type>Approx</Type>
		</properties>
	</entity>
	<entity>
		<id>25entity</id>
		<span>2071,2075</span>
		<type>Next</type>
		<parentsType>Operator</parentsType>
		<properties>
			<Interval-Type>DocTime</Interval-Type>
			<Interval></Interval>
			<Period></Period>
			<Repeating-Interval>24entity</Repeating-Interval>
			<Semantics>Interval-Not-Included</Semantics>
		</properties>
	</entity>
	<entity>
		<id>24entity</id>
		<span>2076,2082</span>
		<type>Calendar-Interval</type>
		<parentsType>Repeating-Interval</parentsType>
		<properties>
			<Type>Decade</Type>
			<Number></Number>
			<Modifier></Modifier>
		</properties>
	</entity>
	<entity>
		<id>26entity</id>
		<span>2401,2405</span>
		<type>Year</type>
		<parentsType>Interval</parentsType>
		<properties>
			<Value>2030</Value>
			<Sub-Interval></Sub-Interval>
			<Modifier></Modifier>
		</properties>
	</entity>
	<entity>
		<id>27entity</id>
		<span>2418,2421</span>
		<type>This</type>
		<parentsType>Operator</parentsType>
		<properties>
			<Interval-Type>DocTime</Interval-Type>
			<Interval></Interval>
			<Period></Period>
			<Repeating-Interval></Repeating-Interval>
		</properties>
	</entity>

</annotations>
</data>